{
  "id": "1675303",
  "name": "test",
  "font_family": "iconfont",
  "css_prefix_text": "icon-",
  "description": "",
  "glyphs": [
    {
      "icon_id": "1393586",
      "name": "add",
      "font_class": "add",
      "unicode": "e6d5",
      "unicode_decimal": 59093
    },
    {
      "icon_id": "6978117",
      "name": "重置",
      "font_class": "zhongzhi",
      "unicode": "e62a",
      "unicode_decimal": 58922
    },
    {
      "icon_id": "6263343",
      "name": "声音",
      "font_class": "shengyin",
      "unicode": "e66a",
      "unicode_decimal": 58986
    },
    {
      "icon_id": "2674474",
      "name": "播放",
      "font_class": "bofang",
      "unicode": "e625",
      "unicode_decimal": 58917
    },
    {
      "icon_id": "6582259",
      "name": "快进",
      "font_class": "kuaijin",
      "unicode": "e655",
      "unicode_decimal": 58965
    },
    {
      "icon_id": "1354923",
      "name": "教育",
      "font_class": "jiaoyu",
      "unicode": "e624",
      "unicode_decimal": 58916
    },
    {
      "icon_id": "11364150",
      "name": "皇冠",
      "font_class": "huangguan",
      "unicode": "e64a",
      "unicode_decimal": 58954
    },
    {
      "icon_id": "12331649",
      "name": "表单",
      "font_class": "biaodan",
      "unicode": "e663",
      "unicode_decimal": 58979
    },
    {
      "icon_id": "14294800",
      "name": "铃铛",
      "font_class": "lingdang",
      "unicode": "e622",
      "unicode_decimal": 58914
    },
    {
      "icon_id": "17967622",
      "name": "签到",
      "font_class": "qiandao",
      "unicode": "ee9f",
      "unicode_decimal": 61087
    },
    {
      "icon_id": "992719",
      "name": "扫一扫",
      "font_class": "saoyisao",
      "unicode": "e60e",
      "unicode_decimal": 58894
    },
    {
      "icon_id": "10291606",
      "name": "menWeiBaoJinDeng",
      "font_class": "light",
      "unicode": "e618",
      "unicode_decimal": 58904
    },
    {
      "icon_id": "21129431",
      "name": "更多",
      "font_class": "gengduo",
      "unicode": "e602",
      "unicode_decimal": 58882
    },
    {
      "icon_id": "369854",
      "name": "x",
      "font_class": "x",
      "unicode": "e619",
      "unicode_decimal": 58905
    },
    {
      "icon_id": "774378",
      "name": "锁",
      "font_class": "suo",
      "unicode": "e61a",
      "unicode_decimal": 58906
    },
    {
      "icon_id": "2743886",
      "name": "人",
      "font_class": "ren",
      "unicode": "e644",
      "unicode_decimal": 58948
    },
    {
      "icon_id": "63325",
      "name": "close",
      "font_class": "close",
      "unicode": "e605",
      "unicode_decimal": 58885
    },
    {
      "icon_id": "12004546",
      "name": "Add to Cart",
      "font_class": "AddtoCart",
      "unicode": "ea9c",
      "unicode_decimal": 60060
    },
    {
      "icon_id": "6684308",
      "name": "微信",
      "font_class": "weixin",
      "unicode": "e637",
      "unicode_decimal": 58935
    },
    {
      "icon_id": "8776998",
      "name": "phonecall",
      "font_class": "phonecall",
      "unicode": "e643",
      "unicode_decimal": 58947
    }
  ]
}
